emp_id,benefit,eligible,enrolled,via_default,employer_cost_annual
E-0001,medical,yes,yes,no,180
E-0001,dental,yes,yes,no,0
E-0001,vision,yes,yes,no,4800
E-0001,401k,yes,yes,no,0
E-0001,life,yes,yes,no,4800
E-0002,medical,yes,yes,no,0
E-0002,dental,yes,yes,no,4800
E-0002,vision,yes,yes,no,180
E-0002,401k,yes,no,no,0
E-0002,life,yes,yes,no,1200
E-0003,medical,yes,yes,no,6200
E-0003,dental,yes,yes,no,0
E-0003,vision,yes,no,no,0
E-0003,401k,yes,yes,yes,1200
E-0003,life,yes,no,no,0
E-0004,medical,yes,yes,no,300
E-0004,dental,yes,yes,no,1200
E-0004,vision,yes,yes,no,0
E-0004,401k,yes,yes,no,4800
E-0004,life,yes,yes,no,1200
E-0005,medical,yes,yes,no,300
E-0005,dental,yes,yes,no,4800
E-0005,vision,yes,yes,no,6200
E-0005,401k,yes,no,no,0
E-0005,life,yes,yes,no,180
E-0008,medical,yes,yes,no,4800
E-0008,dental,yes,yes,no,300
E-0008,vision,yes,yes,no,4800
E-0008,401k,yes,yes,yes,180
E-0008,life,yes,yes,no,6200
E-0009,medical,yes,yes,no,0
E-0009,dental,yes,yes,no,6200
E-0009,vision,yes,yes,no,300
E-0009,401k,yes,yes,yes,6200
E-0009,life,yes,yes,no,1200
E-0011,medical,yes,no,no,300
E-0011,dental,yes,yes,no,0
E-0011,vision,yes,yes,no,300
E-0011,401k,yes,yes,yes,1200
E-0011,life,yes,yes,no,4800
E-0015,medical,yes,yes,no,0
E-0015,dental,yes,yes,no,0
E-0015,vision,yes,yes,no,300
E-0015,401k,yes,yes,no,180
E-0015,life,yes,yes,no,1200
E-0016,medical,yes,no,no,4800
E-0016,dental,yes,yes,no,1200
E-0016,vision,yes,no,no,180
E-0016,401k,yes,yes,yes,300
E-0016,life,yes,yes,no,4800
E-0017,medical,yes,yes,no,1200
E-0017,dental,yes,yes,no,6200
E-0017,vision,yes,yes,no,0
E-0017,401k,yes,no,no,0
E-0017,life,yes,yes,no,0
E-0018,medical,yes,yes,no,180
E-0018,dental,yes,no,no,6200
E-0018,vision,yes,yes,no,4800
E-0018,401k,yes,yes,no,6200
E-0018,life,yes,no,no,1200
E-0020,medical,yes,yes,no,1200
E-0020,dental,yes,yes,no,0
E-0020,vision,yes,no,no,1200
E-0020,401k,yes,no,no,4800
E-0020,life,yes,yes,no,4800
E-0021,medical,yes,yes,no,1200
E-0021,dental,yes,yes,no,1200
E-0021,vision,yes,yes,no,4800
E-0021,401k,yes,yes,yes,1200
E-0021,life,yes,yes,no,4800
E-0022,medical,yes,yes,no,180
E-0022,dental,yes,yes,no,4800
E-0022,vision,yes,yes,no,0
E-0022,401k,yes,yes,no,6200
E-0022,life,yes,yes,no,1200
E-0023,medical,yes,no,no,0
E-0023,dental,yes,yes,no,0
E-0023,vision,yes,yes,no,180
E-0023,401k,yes,yes,no,1200
E-0023,life,yes,yes,no,1200
E-0024,medical,yes,yes,no,180
E-0024,dental,yes,yes,no,300
E-0024,vision,yes,yes,no,1200
E-0024,401k,yes,yes,yes,4800
E-0024,life,yes,yes,no,0
E-0025,medical,yes,yes,no,1200
E-0025,dental,yes,yes,no,180
E-0025,vision,yes,yes,no,6200
E-0025,401k,yes,yes,no,0
E-0025,life,yes,yes,no,1200
E-0026,medical,yes,yes,no,300
E-0026,dental,yes,yes,no,180
E-0026,vision,yes,yes,no,0
E-0026,401k,yes,yes,yes,0
E-0026,life,yes,yes,no,300
E-0027,medical,yes,yes,no,0
E-0027,dental,yes,yes,no,180
E-0027,vision,yes,yes,no,6200
E-0027,401k,yes,yes,no,0
E-0027,life,yes,yes,no,180
E-0028,medical,yes,yes,no,300
E-0028,dental,yes,yes,no,4800
E-0028,vision,yes,yes,no,6200
E-0028,401k,yes,no,no,6200
E-0028,life,yes,yes,no,1200
E-0029,medical,yes,yes,no,0
E-0029,dental,yes,no,no,0
E-0029,vision,yes,yes,no,6200
E-0029,401k,yes,yes,yes,4800
E-0029,life,yes,yes,no,1200
E-0032,medical,yes,yes,no,0
E-0032,dental,yes,yes,no,0
E-0032,vision,yes,yes,no,4800
E-0032,401k,yes,yes,yes,180
E-0032,life,yes,yes,no,300
E-0033,medical,yes,yes,no,1200
E-0033,dental,yes,yes,no,0
E-0033,vision,yes,yes,no,0
E-0033,401k,yes,yes,no,0
E-0033,life,yes,yes,no,300
E-0034,medical,yes,yes,no,0
E-0034,dental,yes,yes,no,0
E-0034,vision,yes,yes,no,1200
E-0034,401k,yes,yes,yes,180
E-0034,life,yes,yes,no,180
E-0036,medical,yes,no,no,1200
E-0036,dental,yes,yes,no,1200
E-0036,vision,yes,yes,no,180
E-0036,401k,yes,no,no,300
E-0036,life,yes,yes,no,4800
E-0037,medical,yes,yes,no,1200
E-0037,dental,yes,yes,no,0
E-0037,vision,yes,yes,no,300
E-0037,401k,yes,yes,yes,4800
E-0037,life,yes,yes,no,300
E-0038,medical,yes,yes,no,300
E-0038,dental,yes,yes,no,0
E-0038,vision,yes,no,no,0
E-0038,401k,yes,yes,yes,6200
E-0038,life,yes,yes,no,180
E-0039,medical,yes,yes,no,4800
E-0039,dental,yes,yes,no,0
E-0039,vision,yes,yes,no,0
E-0039,401k,yes,yes,no,0
E-0039,life,yes,yes,no,180
E-0040,medical,yes,yes,no,4800
E-0040,dental,yes,yes,no,300
E-0040,vision,yes,yes,no,1200
E-0040,401k,yes,yes,yes,0
E-0040,life,yes,yes,no,0
E-0041,medical,yes,yes,no,0
E-0041,dental,yes,yes,no,6200
E-0041,vision,yes,yes,no,4800
E-0041,401k,yes,yes,yes,4800
E-0041,life,yes,yes,no,4800
E-0042,medical,yes,yes,no,300
E-0042,dental,yes,yes,no,0
E-0042,vision,yes,yes,no,6200
E-0042,401k,yes,yes,no,4800
E-0042,life,yes,yes,no,4800
E-0043,medical,yes,yes,no,0
E-0043,dental,yes,yes,no,4800
E-0043,vision,yes,yes,no,6200
E-0043,401k,yes,yes,yes,4800
E-0043,life,yes,yes,no,180
E-0044,medical,yes,yes,no,1200
E-0044,dental,yes,yes,no,180
E-0044,vision,yes,yes,no,6200
E-0044,401k,yes,no,no,6200
E-0044,life,yes,yes,no,0
E-0045,medical,yes,yes,no,0
E-0045,dental,yes,yes,no,6200
E-0045,vision,yes,yes,no,4800
E-0045,401k,yes,yes,no,0
E-0045,life,yes,no,no,300
E-0046,medical,yes,no,no,4800
E-0046,dental,yes,yes,no,300
E-0046,vision,yes,yes,no,1200
E-0046,401k,yes,no,no,4800
E-0046,life,yes,yes,no,1200
E-0047,medical,yes,yes,no,1200
E-0047,dental,yes,yes,no,0
E-0047,vision,yes,yes,no,1200
E-0047,401k,yes,yes,yes,0
E-0047,life,yes,yes,no,180
E-0048,medical,yes,yes,no,6200
E-0048,dental,yes,yes,no,6200
E-0048,vision,yes,yes,no,180
E-0048,401k,yes,yes,yes,0
E-0048,life,yes,yes,no,6200
E-0049,medical,yes,yes,no,180
E-0049,dental,yes,yes,no,6200
E-0049,vision,yes,yes,no,6200
E-0049,401k,yes,yes,yes,300
E-0049,life,yes,yes,no,0
E-0050,medical,yes,yes,no,4800
E-0050,dental,yes,yes,no,0
E-0050,vision,yes,yes,no,1200
E-0050,401k,yes,yes,no,0
E-0050,life,yes,yes,no,4800
E-0052,medical,yes,yes,no,6200
E-0052,dental,yes,yes,no,180
E-0052,vision,yes,yes,no,6200
E-0052,401k,yes,yes,yes,300
E-0052,life,yes,yes,no,6200
E-0053,medical,yes,yes,no,180
E-0053,dental,yes,yes,no,180
E-0053,vision,yes,yes,no,180
E-0053,401k,yes,yes,no,1200
E-0053,life,yes,yes,no,6200
E-0054,medical,yes,yes,no,1200
E-0054,dental,yes,yes,no,0
E-0054,vision,yes,yes,no,4800
E-0054,401k,yes,no,no,0
E-0054,life,yes,yes,no,1200
E-0055,medical,yes,yes,no,4800
E-0055,dental,yes,yes,no,180
E-0055,vision,yes,yes,no,4800
E-0055,401k,yes,yes,no,180
E-0055,life,yes,yes,no,4800
E-0056,medical,yes,yes,no,0
E-0056,dental,yes,yes,no,4800
E-0056,vision,yes,yes,no,4800
E-0056,401k,yes,yes,yes,1200
E-0056,life,yes,no,no,6200
E-0057,medical,yes,yes,no,6200
E-0057,dental,yes,yes,no,1200
E-0057,vision,yes,yes,no,1200
E-0057,401k,yes,no,no,0
E-0057,life,yes,yes,no,1200
E-0058,medical,yes,yes,no,0
E-0058,dental,yes,no,no,6200
E-0058,vision,yes,yes,no,6200
E-0058,401k,yes,no,no,180
E-0058,life,yes,yes,no,180
E-0059,medical,yes,yes,no,180
E-0059,dental,yes,yes,no,300
E-0059,vision,yes,yes,no,0
E-0059,401k,yes,no,no,300
E-0059,life,yes,yes,no,0
E-0061,medical,yes,no,no,4800
E-0061,dental,yes,yes,no,4800
E-0061,vision,yes,yes,no,0
E-0061,401k,yes,no,no,300
E-0061,life,yes,yes,no,1200
E-0062,medical,yes,yes,no,4800
E-0062,dental,yes,yes,no,1200
E-0062,vision,yes,yes,no,4800
E-0062,401k,yes,no,no,1200
E-0062,life,yes,yes,no,6200
E-0063,medical,yes,yes,no,6200
E-0063,dental,yes,yes,no,0
E-0063,vision,yes,yes,no,0
E-0063,401k,yes,yes,no,1200
E-0063,life,yes,no,no,0
E-0064,medical,yes,yes,no,6200
E-0064,dental,yes,no,no,180
E-0064,vision,yes,yes,no,300
E-0064,401k,yes,yes,yes,6200
E-0064,life,yes,yes,no,1200
E-0065,medical,yes,yes,no,0
E-0065,dental,yes,yes,no,300
E-0065,vision,yes,no,no,1200
E-0065,401k,yes,no,no,4800
E-0065,life,yes,yes,no,4800
E-0068,medical,yes,no,no,300
E-0068,dental,yes,yes,no,6200
E-0068,vision,yes,yes,no,1200
E-0068,401k,yes,yes,yes,300
E-0068,life,yes,yes,no,300
E-0069,medical,yes,yes,no,180
E-0069,dental,yes,yes,no,300
E-0069,vision,yes,yes,no,1200
E-0069,401k,yes,yes,yes,4800
E-0069,life,yes,yes,no,4800
E-0070,medical,yes,yes,no,6200
E-0070,dental,yes,yes,no,4800
E-0070,vision,yes,yes,no,0
E-0070,401k,yes,yes,no,180
E-0070,life,yes,yes,no,1200
E-0071,medical,yes,yes,no,300
E-0071,dental,yes,yes,no,6200
E-0071,vision,yes,yes,no,1200
E-0071,401k,yes,yes,yes,300
E-0071,life,yes,yes,no,180
E-0072,medical,yes,no,no,6200
E-0072,dental,yes,yes,no,0
E-0072,vision,yes,yes,no,4800
E-0072,401k,yes,yes,no,180
E-0072,life,yes,yes,no,4800
E-0073,medical,yes,no,no,180
E-0073,dental,yes,yes,no,6200
E-0073,vision,yes,yes,no,0
E-0073,401k,yes,yes,yes,0
E-0073,life,yes,no,no,6200
E-0074,medical,yes,yes,no,4800
E-0074,dental,yes,no,no,6200
E-0074,vision,yes,yes,no,6200
E-0074,401k,yes,yes,no,0
E-0074,life,yes,yes,no,0
E-0076,medical,yes,yes,no,300
E-0076,dental,yes,no,no,180
E-0076,vision,yes,yes,no,6200
E-0076,401k,yes,no,no,300
E-0076,life,yes,yes,no,6200
E-0077,medical,yes,yes,no,300
E-0077,dental,yes,yes,no,300
E-0077,vision,yes,yes,no,6200
E-0077,401k,yes,yes,no,1200
E-0077,life,yes,yes,no,180
E-0078,medical,yes,yes,no,0
E-0078,dental,yes,yes,no,0
E-0078,vision,yes,yes,no,4800
E-0078,401k,yes,yes,yes,180
E-0078,life,yes,yes,no,180
E-0079,medical,yes,yes,no,4800
E-0079,dental,yes,yes,no,0
E-0079,vision,yes,yes,no,6200
E-0079,401k,yes,yes,no,6200
E-0079,life,yes,yes,no,6200
E-0080,medical,yes,no,no,1200
E-0080,dental,yes,no,no,0
E-0080,vision,yes,yes,no,180
E-0080,401k,yes,yes,no,180
E-0080,life,yes,no,no,1200
E-0081,medical,yes,no,no,180
E-0081,dental,yes,yes,no,4800
E-0081,vision,yes,yes,no,4800
E-0081,401k,yes,no,no,1200
E-0081,life,yes,yes,no,0
E-0082,medical,yes,yes,no,0
E-0082,dental,yes,yes,no,0
E-0082,vision,yes,yes,no,4800
E-0082,401k,yes,yes,no,300
E-0082,life,yes,yes,no,0
E-0083,medical,yes,yes,no,4800
E-0083,dental,yes,yes,no,4800
E-0083,vision,yes,yes,no,6200
E-0083,401k,yes,yes,no,1200
E-0083,life,yes,yes,no,0
E-0084,medical,yes,yes,no,1200
E-0084,dental,yes,yes,no,1200
E-0084,vision,yes,yes,no,300
E-0084,401k,yes,yes,yes,0
E-0084,life,yes,yes,no,0
E-0085,medical,yes,yes,no,0
E-0085,dental,yes,yes,no,300
E-0085,vision,yes,yes,no,1200
E-0085,401k,yes,yes,no,0
E-0085,life,yes,yes,no,0
E-0086,medical,yes,yes,no,1200
E-0086,dental,yes,yes,no,0
E-0086,vision,yes,yes,no,180
E-0086,401k,yes,yes,no,4800
E-0086,life,yes,yes,no,4800
E-0087,medical,yes,yes,no,4800
E-0087,dental,yes,yes,no,300
E-0087,vision,yes,no,no,0
E-0087,401k,yes,no,no,300
E-0087,life,yes,yes,no,6200
E-0088,medical,yes,no,no,0
E-0088,dental,yes,yes,no,0
E-0088,vision,yes,yes,no,300
E-0088,401k,yes,yes,no,300
E-0088,life,yes,yes,no,6200
E-0090,medical,yes,no,no,6200
E-0090,dental,yes,yes,no,300
E-0090,vision,yes,yes,no,4800
E-0090,401k,yes,yes,yes,0
E-0090,life,yes,no,no,0
E-0091,medical,yes,yes,no,300
E-0091,dental,yes,yes,no,180
E-0091,vision,yes,no,no,180
E-0091,401k,yes,no,no,0
E-0091,life,yes,yes,no,4800
E-0092,medical,yes,yes,no,180
E-0092,dental,yes,yes,no,0
E-0092,vision,yes,yes,no,4800
E-0092,401k,yes,yes,no,0
E-0092,life,yes,yes,no,0
E-0093,medical,yes,no,no,4800
E-0093,dental,yes,yes,no,1200
E-0093,vision,yes,yes,no,0
E-0093,401k,yes,yes,no,180
E-0093,life,yes,yes,no,180
E-0094,medical,yes,yes,no,1200
E-0094,dental,yes,yes,no,180
E-0094,vision,yes,no,no,180
E-0094,401k,yes,yes,yes,300
E-0094,life,yes,yes,no,1200
E-0095,medical,yes,yes,no,300
E-0095,dental,yes,yes,no,300
E-0095,vision,yes,yes,no,300
E-0095,401k,yes,yes,yes,300
E-0095,life,yes,no,no,4800
E-0096,medical,yes,yes,no,300
E-0096,dental,yes,yes,no,1200
E-0096,vision,yes,yes,no,1200
E-0096,401k,yes,yes,no,4800
E-0096,life,yes,yes,no,0
E-0097,medical,yes,yes,no,300
E-0097,dental,yes,yes,no,6200
E-0097,vision,yes,yes,no,6200
E-0097,401k,yes,yes,no,4800
E-0097,life,yes,yes,no,4800
E-0098,medical,yes,yes,no,0
E-0098,dental,yes,yes,no,180
E-0098,vision,yes,yes,no,0
E-0098,401k,yes,yes,no,1200
E-0098,life,yes,no,no,1200
E-0099,medical,yes,no,no,300
E-0099,dental,yes,yes,no,300
E-0099,vision,yes,yes,no,6200
E-0099,401k,yes,no,no,300
E-0099,life,yes,no,no,1200
E-0100,medical,yes,no,no,1200
E-0100,dental,yes,no,no,0
E-0100,vision,yes,no,no,0
E-0100,401k,yes,yes,no,6200
E-0100,life,yes,yes,no,4800
E-0101,medical,yes,yes,no,1200
E-0101,dental,yes,yes,no,1200
E-0101,vision,yes,no,no,6200
E-0101,401k,yes,yes,yes,4800
E-0101,life,yes,yes,no,4800
E-0103,medical,yes,yes,no,1200
E-0103,dental,yes,yes,no,1200
E-0103,vision,yes,yes,no,4800
E-0103,401k,yes,yes,yes,180
E-0103,life,yes,no,no,1200
E-0104,medical,yes,yes,no,180
E-0104,dental,yes,yes,no,0
E-0104,vision,yes,yes,no,4800
E-0104,401k,yes,yes,yes,300
E-0104,life,yes,yes,no,0
E-0105,medical,yes,yes,no,1200
E-0105,dental,yes,no,no,0
E-0105,vision,yes,yes,no,0
E-0105,401k,yes,yes,no,180
E-0105,life,yes,yes,no,6200
E-0106,medical,yes,yes,no,300
E-0106,dental,yes,yes,no,1200
E-0106,vision,yes,yes,no,4800
E-0106,401k,yes,yes,yes,4800
E-0106,life,yes,yes,no,0
E-0107,medical,yes,yes,no,0
E-0107,dental,yes,yes,no,4800
E-0107,vision,yes,yes,no,4800
E-0107,401k,yes,no,no,0
E-0107,life,yes,no,no,0
E-0108,medical,yes,yes,no,1200
E-0108,dental,yes,yes,no,6200
E-0108,vision,yes,yes,no,180
E-0108,401k,yes,no,no,0
E-0108,life,yes,yes,no,180
E-0109,medical,yes,yes,no,180
E-0109,dental,yes,yes,no,6200
E-0109,vision,yes,no,no,4800
E-0109,401k,yes,yes,no,300
E-0109,life,yes,yes,no,300
E-0110,medical,yes,yes,no,4800
E-0110,dental,yes,no,no,0
E-0110,vision,yes,yes,no,6200
E-0110,401k,yes,yes,yes,0
E-0110,life,yes,yes,no,0
E-0111,medical,yes,yes,no,0
E-0111,dental,yes,no,no,180
E-0111,vision,yes,yes,no,0
E-0111,401k,yes,yes,no,0
E-0111,life,yes,yes,no,1200
E-0113,medical,yes,yes,no,6200
E-0113,dental,yes,yes,no,0
E-0113,vision,yes,yes,no,6200
E-0113,401k,yes,yes,no,300
E-0113,life,yes,yes,no,0
E-0114,medical,yes,yes,no,0
E-0114,dental,yes,yes,no,0
E-0114,vision,yes,yes,no,1200
E-0114,401k,yes,yes,no,4800
E-0114,life,yes,yes,no,1200
E-0115,medical,yes,yes,no,180
E-0115,dental,yes,yes,no,4800
E-0115,vision,yes,yes,no,0
E-0115,401k,yes,yes,no,4800
E-0115,life,yes,yes,no,0
E-0116,medical,yes,yes,no,1200
E-0116,dental,yes,yes,no,0
E-0116,vision,yes,yes,no,0
E-0116,401k,yes,yes,no,4800
E-0116,life,yes,yes,no,300
E-0117,medical,yes,yes,no,300
E-0117,dental,yes,yes,no,6200
E-0117,vision,yes,yes,no,0
E-0117,401k,yes,no,no,4800
E-0117,life,yes,yes,no,6200
E-0118,medical,yes,yes,no,6200
E-0118,dental,yes,yes,no,0
E-0118,vision,yes,yes,no,180
E-0118,401k,yes,yes,no,300
E-0118,life,yes,yes,no,300
E-0119,medical,yes,yes,no,300
E-0119,dental,yes,yes,no,0
E-0119,vision,yes,yes,no,6200
E-0119,401k,yes,no,no,4800
E-0119,life,yes,yes,no,0
E-0120,medical,yes,yes,no,180
E-0120,dental,yes,yes,no,300
E-0120,vision,yes,yes,no,180
E-0120,401k,yes,yes,no,4800
E-0120,life,yes,yes,no,0
E-0121,medical,yes,yes,no,0
E-0121,dental,yes,yes,no,6200
E-0121,vision,yes,yes,no,4800
E-0121,401k,yes,yes,no,0
E-0121,life,yes,yes,no,1200
E-0122,medical,yes,yes,no,0
E-0122,dental,yes,yes,no,180
E-0122,vision,yes,no,no,0
E-0122,401k,yes,yes,yes,300
E-0122,life,yes,yes,no,300
E-0123,medical,yes,yes,no,4800
E-0123,dental,yes,yes,no,0
E-0123,vision,yes,yes,no,0
E-0123,401k,yes,no,no,180
E-0123,life,yes,yes,no,0
E-0124,medical,yes,yes,no,1200
E-0124,dental,yes,yes,no,6200
E-0124,vision,yes,yes,no,180
E-0124,401k,yes,yes,no,180
E-0124,life,yes,yes,no,300
E-0125,medical,yes,yes,no,0
E-0125,dental,yes,no,no,1200
E-0125,vision,yes,yes,no,0
E-0125,401k,yes,yes,yes,0
E-0125,life,yes,yes,no,300
E-0126,medical,yes,yes,no,300
E-0126,dental,yes,yes,no,300
E-0126,vision,yes,yes,no,4800
E-0126,401k,yes,yes,yes,0
E-0126,life,yes,no,no,0
E-0127,medical,yes,yes,no,4800
E-0127,dental,yes,yes,no,0
E-0127,vision,yes,no,no,6200
E-0127,401k,yes,no,no,6200
E-0127,life,yes,yes,no,1200
E-0128,medical,yes,yes,no,4800
E-0128,dental,yes,yes,no,0
E-0128,vision,yes,yes,no,4800
E-0128,401k,yes,no,no,0
E-0128,life,yes,yes,no,6200
E-0129,medical,yes,yes,no,0
E-0129,dental,yes,yes,no,4800
E-0129,vision,yes,yes,no,0
E-0129,401k,yes,yes,no,4800
E-0129,life,yes,yes,no,0
E-0130,medical,yes,no,no,6200
E-0130,dental,yes,yes,no,0
E-0130,vision,yes,yes,no,0
E-0130,401k,yes,yes,no,6200
E-0130,life,yes,yes,no,0
E-0132,medical,yes,yes,no,6200
E-0132,dental,yes,yes,no,0
E-0132,vision,yes,yes,no,180
E-0132,401k,yes,yes,no,1200
E-0132,life,yes,no,no,180
E-0134,medical,yes,yes,no,180
E-0134,dental,yes,no,no,1200
E-0134,vision,yes,no,no,0
E-0134,401k,yes,no,no,180
E-0134,life,yes,yes,no,0
E-0135,medical,yes,yes,no,180
E-0135,dental,yes,yes,no,0
E-0135,vision,yes,yes,no,6200
E-0135,401k,yes,no,no,4800
E-0135,life,yes,yes,no,0
E-0136,medical,yes,yes,no,0
E-0136,dental,yes,yes,no,0
E-0136,vision,yes,yes,no,0
E-0136,401k,yes,yes,no,180
E-0136,life,yes,yes,no,0
E-0137,medical,yes,yes,no,6200
E-0137,dental,yes,yes,no,1200
E-0137,vision,yes,no,no,0
E-0137,401k,yes,yes,yes,6200
E-0137,life,yes,yes,no,1200
E-0138,medical,yes,yes,no,300
E-0138,dental,yes,yes,no,4800
E-0138,vision,yes,no,no,1200
E-0138,401k,yes,yes,no,180
E-0138,life,yes,yes,no,6200
E-0139,medical,yes,no,no,300
E-0139,dental,yes,no,no,4800
E-0139,vision,yes,yes,no,1200
E-0139,401k,yes,yes,no,6200
E-0139,life,yes,yes,no,300
E-0143,medical,yes,yes,no,6200
E-0143,dental,yes,yes,no,4800
E-0143,vision,yes,no,no,0
E-0143,401k,yes,yes,no,6200
E-0143,life,yes,yes,no,6200
E-0144,medical,yes,yes,no,1200
E-0144,dental,yes,yes,no,4800
E-0144,vision,yes,yes,no,1200
E-0144,401k,yes,yes,yes,6200
E-0144,life,yes,yes,no,0
E-0146,medical,yes,yes,no,6200
E-0146,dental,yes,yes,no,1200
E-0146,vision,yes,no,no,4800
E-0146,401k,yes,no,no,0
E-0146,life,yes,yes,no,6200
E-0147,medical,yes,no,no,180
E-0147,dental,yes,yes,no,300
E-0147,vision,yes,yes,no,1200
E-0147,401k,yes,yes,no,300
E-0147,life,yes,yes,no,0
E-0148,medical,yes,yes,no,4800
E-0148,dental,yes,yes,no,180
E-0148,vision,yes,yes,no,6200
E-0148,401k,yes,yes,no,0
E-0148,life,yes,yes,no,1200
E-0149,medical,yes,yes,no,6200
E-0149,dental,yes,yes,no,4800
E-0149,vision,yes,yes,no,4800
E-0149,401k,yes,yes,no,0
E-0149,life,yes,no,no,4800
E-0150,medical,yes,yes,no,6200
E-0150,dental,yes,yes,no,300
E-0150,vision,yes,yes,no,0
E-0150,401k,yes,yes,yes,4800
E-0150,life,yes,yes,no,4800
E-0151,medical,yes,yes,no,0
E-0151,dental,yes,no,no,1200
E-0151,vision,yes,yes,no,180
E-0151,401k,yes,yes,yes,1200
E-0151,life,yes,yes,no,180
E-0152,medical,yes,yes,no,180
E-0152,dental,yes,yes,no,6200
E-0152,vision,yes,yes,no,6200
E-0152,401k,yes,yes,no,0
E-0152,life,yes,yes,no,0
E-0157,medical,yes,yes,no,0
E-0157,dental,yes,yes,no,0
E-0157,vision,yes,no,no,6200
E-0157,401k,yes,yes,no,6200
E-0157,life,yes,yes,no,300
E-0158,medical,yes,yes,no,4800
E-0158,dental,yes,yes,no,6200
E-0158,vision,yes,yes,no,0
E-0158,401k,yes,yes,yes,6200
E-0158,life,yes,yes,no,4800
E-0159,medical,yes,yes,no,0
E-0159,dental,yes,yes,no,300
E-0159,vision,yes,no,no,4800
E-0159,401k,yes,yes,no,180
E-0159,life,yes,yes,no,4800
E-0160,medical,yes,yes,no,180
E-0160,dental,yes,yes,no,6200
E-0160,vision,yes,yes,no,180
E-0160,401k,yes,yes,yes,4800
E-0160,life,yes,yes,no,4800
E-0163,medical,yes,yes,no,4800
E-0163,dental,yes,yes,no,4800
E-0163,vision,yes,yes,no,1200
E-0163,401k,yes,yes,no,6200
E-0163,life,yes,yes,no,4800
E-0164,medical,yes,yes,no,0
E-0164,dental,yes,yes,no,6200
E-0164,vision,yes,yes,no,4800
E-0164,401k,yes,yes,no,6200
E-0164,life,yes,yes,no,1200
E-0165,medical,yes,yes,no,1200
E-0165,dental,yes,yes,no,1200
E-0165,vision,yes,yes,no,6200
E-0165,401k,yes,yes,no,1200
E-0165,life,yes,yes,no,300
E-0166,medical,yes,yes,no,0
E-0166,dental,yes,no,no,300
E-0166,vision,yes,yes,no,4800
E-0166,401k,yes,yes,no,6200
E-0166,life,yes,yes,no,180
E-0167,medical,yes,yes,no,0
E-0167,dental,yes,yes,no,1200
E-0167,vision,yes,yes,no,300
E-0167,401k,yes,yes,no,1200
E-0167,life,yes,yes,no,180
E-0168,medical,yes,yes,no,1200
E-0168,dental,yes,no,no,4800
E-0168,vision,yes,yes,no,4800
E-0168,401k,yes,no,no,0
E-0168,life,yes,yes,no,180
E-0169,medical,yes,yes,no,0
E-0169,dental,yes,yes,no,6200
E-0169,vision,yes,yes,no,1200
E-0169,401k,yes,no,no,6200
E-0169,life,yes,yes,no,6200
E-0170,medical,yes,yes,no,1200
E-0170,dental,yes,yes,no,6200
E-0170,vision,yes,yes,no,180
E-0170,401k,yes,no,no,1200
E-0170,life,yes,no,no,1200
E-0171,medical,yes,yes,no,4800
E-0171,dental,yes,yes,no,0
E-0171,vision,yes,yes,no,0
E-0171,401k,yes,yes,yes,0
E-0171,life,yes,yes,no,180
E-0172,medical,yes,yes,no,4800
E-0172,dental,yes,yes,no,6200
E-0172,vision,yes,yes,no,180
E-0172,401k,yes,yes,no,1200
E-0172,life,yes,yes,no,0
E-0174,medical,yes,yes,no,0
E-0174,dental,yes,yes,no,0
E-0174,vision,yes,yes,no,1200
E-0174,401k,yes,no,no,0
E-0174,life,yes,yes,no,300
E-0175,medical,yes,yes,no,180
E-0175,dental,yes,no,no,0
E-0175,vision,yes,yes,no,1200
E-0175,401k,yes,no,no,6200
E-0175,life,yes,yes,no,4800
E-0176,medical,yes,yes,no,1200
E-0176,dental,yes,yes,no,0
E-0176,vision,yes,no,no,0
E-0176,401k,yes,yes,no,300
E-0176,life,yes,no,no,4800
E-0177,medical,yes,no,no,180
E-0177,dental,yes,yes,no,1200
E-0177,vision,yes,yes,no,300
E-0177,401k,yes,no,no,180
E-0177,life,yes,yes,no,6200
E-0179,medical,yes,no,no,300
E-0179,dental,yes,yes,no,0
E-0179,vision,yes,yes,no,4800
E-0179,401k,yes,yes,no,0
E-0179,life,yes,yes,no,1200
E-0181,medical,yes,yes,no,180
E-0181,dental,yes,yes,no,0
E-0181,vision,yes,yes,no,6200
E-0181,401k,yes,no,no,4800
E-0181,life,yes,no,no,4800
E-0183,medical,yes,yes,no,300
E-0183,dental,yes,yes,no,300
E-0183,vision,yes,yes,no,1200
E-0183,401k,yes,yes,no,180
E-0183,life,yes,yes,no,0
E-0184,medical,yes,no,no,4800
E-0184,dental,yes,yes,no,6200
E-0184,vision,yes,yes,no,180
E-0184,401k,yes,yes,yes,0
E-0184,life,yes,no,no,6200
E-0186,medical,yes,yes,no,4800
E-0186,dental,yes,yes,no,0
E-0186,vision,yes,yes,no,0
E-0186,401k,yes,yes,no,300
E-0186,life,yes,yes,no,300
E-0187,medical,yes,no,no,0
E-0187,dental,yes,yes,no,1200
E-0187,vision,yes,yes,no,4800
E-0187,401k,yes,yes,no,6200
E-0187,life,yes,yes,no,180
E-0188,medical,yes,yes,no,6200
E-0188,dental,yes,yes,no,6200
E-0188,vision,yes,yes,no,300
E-0188,401k,yes,yes,no,4800
E-0188,life,yes,yes,no,0
E-0189,medical,yes,yes,no,1200
E-0189,dental,yes,no,no,0
E-0189,vision,yes,yes,no,180
E-0189,401k,yes,yes,yes,180
E-0189,life,yes,yes,no,6200
E-0190,medical,yes,no,no,0
E-0190,dental,yes,yes,no,1200
E-0190,vision,yes,yes,no,0
E-0190,401k,yes,yes,no,4800
E-0190,life,yes,no,no,0
E-0191,medical,yes,yes,no,4800
E-0191,dental,yes,yes,no,4800
E-0191,vision,yes,no,no,0
E-0191,401k,yes,yes,yes,6200
E-0191,life,yes,yes,no,0
E-0192,medical,yes,yes,no,0
E-0192,dental,yes,yes,no,180
E-0192,vision,yes,yes,no,1200
E-0192,401k,yes,yes,no,6200
E-0192,life,yes,yes,no,1200
E-0193,medical,yes,yes,no,1200
E-0193,dental,yes,yes,no,1200
E-0193,vision,yes,yes,no,180
E-0193,401k,yes,yes,yes,6200
E-0193,life,yes,yes,no,6200
E-0194,medical,yes,no,no,0
E-0194,dental,yes,yes,no,0
E-0194,vision,yes,yes,no,180
E-0194,401k,yes,yes,yes,180
E-0194,life,yes,yes,no,180
E-0195,medical,yes,no,no,0
E-0195,dental,yes,no,no,300
E-0195,vision,yes,yes,no,0
E-0195,401k,yes,yes,no,4800
E-0195,life,yes,yes,no,4800
E-0196,medical,yes,yes,no,6200
E-0196,dental,yes,no,no,0
E-0196,vision,yes,yes,no,4800
E-0196,401k,yes,no,no,4800
E-0196,life,yes,yes,no,0
E-0199,medical,yes,yes,no,0
E-0199,dental,yes,yes,no,0
E-0199,vision,yes,yes,no,4800
E-0199,401k,yes,no,no,0
E-0199,life,yes,yes,no,6200
E-0200,medical,yes,yes,no,6200
E-0200,dental,yes,yes,no,180
E-0200,vision,yes,yes,no,4800
E-0200,401k,yes,yes,yes,0
E-0200,life,yes,yes,no,180
E-0201,medical,yes,no,no,4800
E-0201,dental,yes,no,no,180
E-0201,vision,yes,yes,no,1200
E-0201,401k,yes,yes,yes,300
E-0201,life,yes,yes,no,180
E-0202,medical,yes,yes,no,0
E-0202,dental,yes,yes,no,4800
E-0202,vision,yes,yes,no,4800
E-0202,401k,yes,yes,yes,6200
E-0202,life,yes,yes,no,180
E-0203,medical,yes,yes,no,300
E-0203,dental,yes,yes,no,4800
E-0203,vision,yes,yes,no,300
E-0203,401k,yes,yes,yes,0
E-0203,life,yes,yes,no,0
E-0204,medical,yes,yes,no,0
E-0204,dental,yes,yes,no,0
E-0204,vision,yes,yes,no,1200
E-0204,401k,yes,yes,no,4800
E-0204,life,yes,yes,no,0
E-0205,medical,yes,yes,no,180
E-0205,dental,yes,yes,no,300
E-0205,vision,yes,yes,no,0
E-0205,401k,yes,yes,yes,4800
E-0205,life,yes,yes,no,180
E-0206,medical,yes,yes,no,6200
E-0206,dental,yes,yes,no,300
E-0206,vision,yes,yes,no,4800
E-0206,401k,yes,no,no,1200
E-0206,life,yes,yes,no,1200
E-0207,medical,yes,yes,no,1200
E-0207,dental,yes,yes,no,0
E-0207,vision,yes,yes,no,4800
E-0207,401k,yes,yes,yes,6200
E-0207,life,yes,yes,no,4800
E-0208,medical,yes,yes,no,6200
E-0208,dental,yes,yes,no,180
E-0208,vision,yes,yes,no,180
E-0208,401k,yes,yes,no,6200
E-0208,life,yes,yes,no,6200
E-0210,medical,yes,yes,no,0
E-0210,dental,yes,yes,no,0
E-0210,vision,yes,yes,no,180
E-0210,401k,yes,yes,no,1200
E-0210,life,yes,yes,no,1200
E-0211,medical,yes,yes,no,6200
E-0211,dental,yes,no,no,300
E-0211,vision,yes,yes,no,6200
E-0211,401k,yes,yes,yes,6200
E-0211,life,yes,yes,no,0
E-0213,medical,yes,no,no,4800
E-0213,dental,yes,yes,no,6200
E-0213,vision,yes,yes,no,4800
E-0213,401k,yes,no,no,4800
E-0213,life,yes,yes,no,6200
E-0214,medical,yes,yes,no,300
E-0214,dental,yes,no,no,0
E-0214,vision,yes,yes,no,0
E-0214,401k,yes,yes,yes,1200
E-0214,life,yes,yes,no,180
E-0215,medical,yes,yes,no,300
E-0215,dental,yes,yes,no,0
E-0215,vision,yes,yes,no,6200
E-0215,401k,yes,yes,no,0
E-0215,life,yes,yes,no,180
E-0216,medical,yes,yes,no,0
E-0216,dental,yes,yes,no,180
E-0216,vision,yes,yes,no,180
E-0216,401k,yes,yes,no,180
E-0216,life,yes,yes,no,0
E-0217,medical,yes,yes,no,6200
E-0217,dental,yes,yes,no,180
E-0217,vision,yes,yes,no,180
E-0217,401k,yes,no,no,180
E-0217,life,yes,yes,no,6200
E-0218,medical,yes,yes,no,1200
E-0218,dental,yes,yes,no,0
E-0218,vision,yes,no,no,4800
E-0218,401k,yes,yes,no,1200
E-0218,life,yes,yes,no,180
E-0220,medical,yes,yes,no,0
E-0220,dental,yes,no,no,300
E-0220,vision,yes,yes,no,180
E-0220,401k,yes,yes,no,0
E-0220,life,yes,yes,no,0
E-0221,medical,yes,yes,no,0
E-0221,dental,yes,yes,no,1200
E-0221,vision,yes,yes,no,0
E-0221,401k,yes,yes,yes,0
E-0221,life,yes,yes,no,300
E-0222,medical,yes,yes,no,180
E-0222,dental,yes,yes,no,1200
E-0222,vision,yes,yes,no,180
E-0222,401k,yes,no,no,6200
E-0222,life,yes,yes,no,6200
E-0223,medical,yes,yes,no,180
E-0223,dental,yes,yes,no,0
E-0223,vision,yes,no,no,6200
E-0223,401k,yes,yes,no,6200
E-0223,life,yes,yes,no,0
E-0224,medical,yes,yes,no,6200
E-0224,dental,yes,yes,no,0
E-0224,vision,yes,yes,no,1200
E-0224,401k,yes,yes,yes,4800
E-0224,life,yes,yes,no,0
E-0225,medical,yes,yes,no,4800
E-0225,dental,yes,yes,no,0
E-0225,vision,yes,yes,no,180
E-0225,401k,yes,yes,yes,6200
E-0225,life,yes,no,no,0
E-0227,medical,yes,yes,no,4800
E-0227,dental,yes,yes,no,6200
E-0227,vision,yes,yes,no,180
E-0227,401k,yes,no,no,0
E-0227,life,yes,yes,no,0
E-0228,medical,yes,yes,no,300
E-0228,dental,yes,no,no,4800
E-0228,vision,yes,yes,no,1200
E-0228,401k,yes,no,no,1200
E-0228,life,yes,yes,no,1200
E-0230,medical,yes,yes,no,1200
E-0230,dental,yes,yes,no,6200
E-0230,vision,yes,yes,no,1200
E-0230,401k,yes,yes,yes,6200
E-0230,life,yes,yes,no,4800
E-0231,medical,yes,yes,no,180
E-0231,dental,yes,yes,no,6200
E-0231,vision,yes,yes,no,4800
E-0231,401k,yes,no,no,1200
E-0231,life,yes,yes,no,0
E-0232,medical,yes,yes,no,300
E-0232,dental,yes,yes,no,0
E-0232,vision,yes,yes,no,4800
E-0232,401k,yes,no,no,1200
E-0232,life,yes,no,no,300
E-0233,medical,yes,yes,no,6200
E-0233,dental,yes,yes,no,1200
E-0233,vision,yes,yes,no,6200
E-0233,401k,yes,yes,no,0
E-0233,life,yes,yes,no,4800
E-0234,medical,yes,yes,no,300
E-0234,dental,yes,yes,no,6200
E-0234,vision,yes,yes,no,0
E-0234,401k,yes,yes,no,4800
E-0234,life,yes,no,no,180
E-0235,medical,yes,yes,no,0
E-0235,dental,yes,no,no,180
E-0235,vision,yes,yes,no,0
E-0235,401k,yes,yes,no,4800
E-0235,life,yes,no,no,4800
E-0237,medical,yes,yes,no,1200
E-0237,dental,yes,yes,no,0
E-0237,vision,yes,yes,no,4800
E-0237,401k,yes,yes,yes,0
E-0237,life,yes,yes,no,4800
E-0239,medical,yes,yes,no,1200
E-0239,dental,yes,yes,no,180
E-0239,vision,yes,yes,no,180
E-0239,401k,yes,yes,no,4800
E-0239,life,yes,yes,no,0
E-0240,medical,yes,yes,no,180
E-0240,dental,yes,yes,no,6200
E-0240,vision,yes,yes,no,0
E-0240,401k,yes,yes,no,1200
E-0240,life,yes,yes,no,1200
