case_id,opened_at,resolved_at,category,sla_target_hours,reopened,first_contact_resolution,csat,channel
CASE-0001,2026-01-11T04:00:00,2026-01-11T12:17:28,other,72,no,yes,2,human
CASE-0002,2025-12-30T09:00:00,2026-01-02T19:03:36,policy,72,no,yes,5,human
CASE-0003,2026-01-24T19:00:00,2026-01-24T22:01:45,benefits,48,no,yes,5,human
CASE-0004,2026-01-23T06:00:00,,policy,72,no,no,,human
CASE-0005,2025-11-15T23:00:00,2025-11-17T00:06:51,payroll,24,no,yes,5,human
CASE-0006,2026-01-11T17:00:00,2026-01-16T21:58:17,policy,72,yes,no,5,human
CASE-0007,2025-12-07T05:00:00,,payroll,24,no,no,,human
CASE-0008,2025-11-11T02:00:00,,policy,72,no,no,,self_service
CASE-0009,2025-12-31T05:00:00,2025-12-31T20:17:47,payroll,24,no,yes,5,human
CASE-0010,2026-01-21T17:00:00,2026-01-22T00:35:33,leave,48,no,no,4,self_service
CASE-0011,2025-12-13T08:00:00,2025-12-17T01:53:40,other,72,no,no,3,self_service
CASE-0012,2025-12-07T22:00:00,2025-12-08T00:36:18,access,8,no,yes,5,human
CASE-0013,2025-12-08T20:00:00,2025-12-09T00:43:12,benefits,48,no,yes,3,human
CASE-0014,2025-12-29T04:00:00,2025-12-29T14:12:08,access,8,no,yes,3,self_service
CASE-0015,2025-11-06T20:00:00,2025-11-08T22:39:23,benefits,48,no,yes,5,self_service
CASE-0016,2025-11-10T15:00:00,2025-11-11T06:50:43,leave,48,no,yes,4,human
CASE-0017,2026-01-31T02:00:00,,payroll,24,no,no,,self_service
CASE-0018,2026-01-26T22:00:00,2026-01-29T13:00:00,leave,48,no,yes,5,human
CASE-0019,2025-11-22T15:00:00,2025-11-23T14:12:43,policy,72,no,no,3,self_service
CASE-0020,2025-12-24T23:00:00,2025-12-25T05:03:05,access,8,no,yes,5,human
CASE-0021,2026-01-04T21:00:00,2026-01-07T17:12:31,benefits,48,no,yes,2,human
CASE-0022,2026-01-15T07:00:00,2026-01-15T14:35:26,leave,48,no,yes,2,human
CASE-0023,2025-11-24T09:00:00,2025-11-24T18:39:51,access,8,no,yes,4,human
CASE-0024,2025-12-22T19:00:00,,leave,48,no,no,,human
CASE-0025,2025-12-29T16:00:00,2026-01-01T12:16:24,policy,72,no,no,5,self_service
CASE-0026,2025-12-25T20:00:00,2025-12-26T04:52:20,access,8,no,yes,5,human
CASE-0027,2025-11-03T09:00:00,2025-11-05T12:58:27,benefits,48,no,yes,5,self_service
CASE-0028,2026-01-13T23:00:00,2026-01-14T00:40:58,access,8,no,yes,4,human
CASE-0029,2025-11-26T18:00:00,2025-11-29T01:34:50,policy,72,no,yes,5,human
CASE-0030,2025-11-07T07:00:00,,policy,72,no,no,,self_service
CASE-0031,2025-12-09T11:00:00,2025-12-10T03:59:37,benefits,48,no,yes,4,human
CASE-0032,2025-12-25T08:00:00,2025-12-25T09:07:07,benefits,48,no,yes,4,human
CASE-0033,2025-11-25T00:00:00,2025-11-26T18:57:48,leave,48,no,yes,3,human
CASE-0034,2026-01-13T18:00:00,2026-01-14T10:12:32,payroll,24,no,yes,3,human
CASE-0035,2026-01-10T10:00:00,2026-01-13T08:31:58,other,72,no,yes,3,self_service
CASE-0036,2026-01-22T08:00:00,2026-01-25T07:08:37,leave,48,no,yes,4,self_service
CASE-0037,2025-11-24T05:00:00,2025-11-25T07:54:44,benefits,48,no,yes,5,self_service
CASE-0038,2026-01-31T05:00:00,,payroll,24,no,no,,self_service
CASE-0039,2025-12-13T20:00:00,2025-12-14T19:40:25,policy,72,yes,yes,5,human
CASE-0040,2025-12-17T22:00:00,2025-12-23T23:40:05,other,72,no,no,4,human
CASE-0041,2025-11-05T16:00:00,2025-11-06T21:11:01,other,72,no,yes,4,self_service
CASE-0042,2025-11-30T09:00:00,2025-11-30T15:28:42,payroll,24,no,yes,5,self_service
CASE-0043,2025-12-31T23:00:00,2026-01-02T04:02:14,benefits,48,no,yes,3,self_service
CASE-0044,2025-12-30T14:00:00,2025-12-31T10:02:32,other,72,no,yes,4,human
CASE-0045,2026-01-16T06:00:00,2026-01-20T10:10:22,other,72,no,yes,2,human
CASE-0046,2025-11-08T02:00:00,2025-11-09T21:05:47,leave,48,no,yes,4,self_service
CASE-0047,2026-01-08T12:00:00,2026-01-12T07:30:34,policy,72,no,no,3,human
CASE-0048,2025-11-02T06:00:00,2025-11-04T08:59:42,policy,72,no,yes,5,human
CASE-0049,2025-11-02T08:00:00,2025-11-06T15:08:10,policy,72,no,no,5,human
CASE-0050,2026-01-10T20:00:00,2026-01-12T07:22:14,leave,48,no,yes,5,self_service
CASE-0051,2026-01-23T05:00:00,2026-01-24T03:05:06,other,72,no,no,4,human
CASE-0052,2025-11-11T07:00:00,2025-11-14T16:16:30,other,72,no,no,4,human
CASE-0053,2026-01-18T09:00:00,2026-01-19T15:26:02,leave,48,no,no,5,human
CASE-0054,2025-12-26T11:00:00,,leave,48,no,no,,human
CASE-0055,2026-01-08T12:00:00,2026-01-11T00:25:30,leave,48,no,no,5,self_service
CASE-0056,2025-12-02T07:00:00,,other,72,no,no,,human
CASE-0057,2026-01-17T18:00:00,,other,72,no,no,,human
CASE-0058,2025-11-29T05:00:00,,leave,48,no,no,,human
CASE-0059,2025-11-17T08:00:00,2025-11-19T18:11:49,leave,48,no,yes,4,human
CASE-0060,2025-11-25T19:00:00,2025-11-26T10:09:04,access,8,no,no,4,self_service
CASE-0061,2026-01-16T08:00:00,2026-01-17T01:47:03,payroll,24,no,no,4,human
CASE-0062,2025-11-06T16:00:00,2025-11-06T22:15:38,access,8,no,yes,5,human
CASE-0063,2026-01-04T19:00:00,2026-01-05T08:14:22,benefits,48,no,yes,5,human
CASE-0064,2026-01-08T21:00:00,2026-01-13T00:45:30,policy,72,no,yes,5,self_service
CASE-0065,2025-12-19T10:00:00,,payroll,24,no,no,,human
CASE-0066,2025-12-20T22:00:00,2025-12-24T10:25:44,policy,72,no,yes,3,human
CASE-0067,2025-12-23T15:00:00,,payroll,24,no,no,,human
CASE-0068,2025-11-16T09:00:00,2025-11-18T12:48:12,benefits,48,no,yes,5,human
CASE-0069,2025-11-11T08:00:00,2025-11-11T16:12:54,payroll,24,no,yes,4,human
CASE-0070,2025-12-18T04:00:00,2025-12-18T09:30:50,benefits,48,no,yes,5,self_service
CASE-0071,2026-01-01T13:00:00,2026-01-01T21:14:48,access,8,no,yes,5,self_service
CASE-0072,2025-11-22T11:00:00,2025-11-24T01:31:54,other,72,no,no,5,self_service
CASE-0073,2025-12-25T18:00:00,2025-12-26T18:42:45,leave,48,no,yes,5,self_service
CASE-0074,2025-12-31T21:00:00,2026-01-02T18:53:48,leave,48,no,yes,4,human
CASE-0075,2025-11-19T11:00:00,2025-11-21T00:56:47,payroll,24,no,yes,4,human
CASE-0076,2026-01-28T19:00:00,2026-01-30T02:30:13,payroll,24,no,no,5,self_service
CASE-0077,2025-11-09T14:00:00,2025-11-14T20:58:29,policy,72,no,no,3,human
CASE-0078,2025-12-04T08:00:00,,access,8,no,no,,human
CASE-0079,2025-11-08T08:00:00,2025-11-09T23:47:05,policy,72,no,yes,4,human
CASE-0080,2025-11-26T16:00:00,2025-11-27T10:48:32,payroll,24,no,no,1,human
CASE-0081,2026-01-01T18:00:00,2026-01-05T03:17:05,benefits,48,no,yes,5,self_service
CASE-0082,2026-01-25T20:00:00,,benefits,48,no,no,,self_service
CASE-0083,2025-11-05T16:00:00,2025-11-10T13:10:35,benefits,48,no,yes,4,human
CASE-0084,2025-11-15T11:00:00,2025-11-17T18:37:39,leave,48,no,yes,5,self_service
CASE-0085,2026-01-06T17:00:00,2026-01-08T12:07:02,leave,48,no,no,5,self_service
CASE-0086,2026-01-10T01:00:00,2026-01-12T18:47:44,benefits,48,no,no,4,self_service
CASE-0087,2026-01-27T14:00:00,2026-01-28T00:45:09,payroll,24,no,yes,5,human
CASE-0088,2025-11-18T00:00:00,,payroll,24,no,no,,human
CASE-0089,2026-01-06T09:00:00,2026-01-06T19:22:02,access,8,no,no,2,human
CASE-0090,2026-01-11T13:00:00,,benefits,48,no,no,,human
CASE-0091,2025-12-28T16:00:00,2025-12-30T16:23:13,benefits,48,no,yes,4,self_service
CASE-0092,2025-12-17T04:00:00,,benefits,48,no,no,,self_service
CASE-0093,2025-11-15T13:00:00,2025-11-17T13:57:06,leave,48,no,yes,4,human
CASE-0094,2025-11-09T04:00:00,2025-11-10T12:24:24,leave,48,no,yes,4,human
CASE-0095,2025-11-08T17:00:00,2025-11-09T16:05:01,leave,48,no,yes,4,human
CASE-0096,2025-12-15T01:00:00,2025-12-16T03:01:47,other,72,no,yes,5,human
CASE-0097,2026-01-14T04:00:00,2026-01-14T07:46:48,payroll,24,no,yes,5,human
CASE-0098,2025-12-24T08:00:00,2025-12-24T17:07:46,access,8,no,no,4,self_service
CASE-0099,2025-12-14T06:00:00,2025-12-14T12:09:44,benefits,48,no,no,5,human
CASE-0100,2026-01-13T01:00:00,2026-01-14T01:43:29,payroll,24,no,no,4,human
CASE-0101,2026-01-25T10:00:00,2026-01-26T14:06:17,payroll,24,no,yes,3,human
CASE-0102,2025-11-09T08:00:00,2025-11-11T19:31:22,other,72,no,no,4,self_service
CASE-0103,2026-01-02T18:00:00,2026-01-02T20:57:55,policy,72,no,yes,4,self_service
CASE-0104,2025-12-21T08:00:00,,benefits,48,no,no,,self_service
CASE-0105,2025-12-11T16:00:00,2025-12-13T15:25:27,benefits,48,no,no,4,self_service
CASE-0106,2026-01-22T18:00:00,2026-01-23T01:57:34,access,8,no,no,5,human
CASE-0107,2025-12-31T06:00:00,2026-01-01T10:26:39,benefits,48,no,no,5,self_service
CASE-0108,2025-12-12T09:00:00,2025-12-12T11:02:30,access,8,no,no,5,self_service
CASE-0109,2025-12-02T23:00:00,2025-12-05T02:44:15,benefits,48,no,no,5,self_service
CASE-0110,2026-01-01T13:00:00,2026-01-01T16:07:33,access,8,no,yes,4,human
CASE-0111,2025-12-08T17:00:00,2025-12-11T01:26:41,benefits,48,no,no,4,human
CASE-0112,2025-12-12T07:00:00,2025-12-12T12:36:45,benefits,48,yes,yes,5,self_service
CASE-0113,2025-11-29T15:00:00,2025-11-30T11:32:08,payroll,24,no,no,4,self_service
CASE-0114,2025-12-18T20:00:00,,benefits,48,no,no,,self_service
CASE-0115,2026-01-16T10:00:00,2026-01-16T17:24:16,access,8,no,yes,5,human
CASE-0116,2026-01-29T23:00:00,2026-01-30T14:16:44,access,8,no,no,4,self_service
CASE-0117,2026-01-04T16:00:00,2026-01-05T11:05:25,payroll,24,no,no,5,self_service
CASE-0118,2026-01-29T18:00:00,2026-01-30T12:13:34,payroll,24,no,no,3,human
CASE-0119,2026-01-29T18:00:00,2026-01-30T00:44:53,policy,72,no,yes,5,human
CASE-0120,2025-12-19T16:00:00,2025-12-21T22:30:51,benefits,48,no,no,4,human
CASE-0121,2026-01-29T05:00:00,2026-01-31T10:23:15,leave,48,no,yes,4,self_service
CASE-0122,2025-11-24T08:00:00,,leave,48,no,no,,self_service
CASE-0123,2025-12-31T06:00:00,2025-12-31T11:52:35,payroll,24,no,yes,5,human
CASE-0124,2026-01-16T05:00:00,2026-01-16T06:57:33,access,8,yes,yes,4,human
CASE-0125,2025-12-14T04:00:00,2025-12-16T14:37:20,other,72,no,no,4,self_service
CASE-0126,2025-12-14T03:00:00,2025-12-14T10:44:24,benefits,48,no,yes,5,self_service
CASE-0127,2026-01-28T11:00:00,2026-01-29T15:07:46,benefits,48,no,no,4,human
CASE-0128,2025-12-07T00:00:00,2025-12-11T02:16:53,other,72,no,no,5,human
CASE-0129,2025-12-22T08:00:00,2025-12-23T04:52:49,policy,72,no,yes,4,human
CASE-0130,2025-12-25T00:00:00,2025-12-25T03:52:37,access,8,no,no,4,human
CASE-0131,2025-11-29T23:00:00,,other,72,no,no,,human
CASE-0132,2025-12-13T05:00:00,,access,8,no,no,,human
CASE-0133,2025-12-15T01:00:00,2025-12-16T08:26:28,benefits,48,no,no,5,human
CASE-0134,2025-12-21T19:00:00,,payroll,24,no,no,,human
CASE-0135,2025-11-06T19:00:00,2025-11-07T23:54:26,payroll,24,no,yes,5,human
CASE-0136,2025-12-12T04:00:00,2025-12-14T00:30:09,other,72,no,no,4,human
CASE-0137,2025-11-23T03:00:00,2025-11-23T11:25:47,benefits,48,no,no,5,human
CASE-0138,2025-11-17T19:00:00,2025-11-20T04:10:05,policy,72,no,no,1,human
CASE-0139,2025-12-04T05:00:00,2025-12-04T12:02:30,benefits,48,no,yes,5,self_service
CASE-0140,2026-01-11T09:00:00,2026-01-13T19:35:34,benefits,48,no,yes,5,human
CASE-0141,2025-12-28T09:00:00,2025-12-29T22:08:57,leave,48,no,no,4,human
CASE-0142,2025-11-29T15:00:00,2025-11-30T12:24:10,leave,48,no,yes,3,self_service
CASE-0143,2025-11-25T04:00:00,2025-11-26T08:38:44,leave,48,no,no,4,self_service
CASE-0144,2025-11-22T04:00:00,2025-11-22T06:48:13,access,8,no,yes,5,human
CASE-0145,2026-01-16T14:00:00,2026-01-22T02:27:07,other,72,no,yes,4,human
CASE-0146,2026-01-17T17:00:00,2026-01-18T13:03:31,policy,72,no,no,4,human
CASE-0147,2026-01-06T04:00:00,2026-01-07T22:05:13,benefits,48,no,no,3,self_service
CASE-0148,2025-11-16T04:00:00,2025-11-16T15:25:44,payroll,24,yes,yes,3,human
CASE-0149,2026-01-20T20:00:00,2026-01-21T14:01:24,other,72,no,yes,4,human
CASE-0150,2026-01-13T16:00:00,2026-01-14T06:34:38,leave,48,no,yes,3,self_service
CASE-0151,2026-01-28T20:00:00,2026-01-29T01:00:02,access,8,no,yes,5,human
CASE-0152,2026-01-21T05:00:00,2026-01-22T18:43:53,leave,48,no,no,5,human
CASE-0153,2025-12-26T02:00:00,2025-12-26T10:03:55,benefits,48,no,yes,4,self_service
CASE-0154,2025-12-09T08:00:00,2025-12-10T11:36:18,other,72,no,yes,4,self_service
CASE-0155,2026-01-12T16:00:00,2026-01-14T04:03:36,benefits,48,no,yes,5,self_service
CASE-0156,2025-12-05T05:00:00,2025-12-07T11:51:47,leave,48,no,yes,4,self_service
CASE-0157,2025-12-25T13:00:00,,other,72,no,no,,self_service
CASE-0158,2025-11-27T08:00:00,2025-11-27T15:53:22,access,8,no,yes,5,self_service
CASE-0159,2025-11-03T20:00:00,2025-11-05T15:51:48,leave,48,no,yes,4,self_service
CASE-0160,2026-01-06T13:00:00,2026-01-06T17:08:00,payroll,24,no,no,3,human
CASE-0161,2026-01-15T20:00:00,,other,72,no,no,,human
CASE-0162,2025-12-20T11:00:00,,other,72,no,no,,self_service
CASE-0163,2025-12-30T02:00:00,2025-12-31T16:01:55,policy,72,no,yes,2,self_service
CASE-0164,2025-11-28T20:00:00,2025-11-29T08:11:07,payroll,24,yes,no,2,human
CASE-0165,2026-01-07T22:00:00,,payroll,24,no,no,,human
CASE-0166,2026-01-27T20:00:00,,policy,72,no,no,,human
CASE-0167,2025-11-05T09:00:00,2025-11-06T02:52:24,payroll,24,no,no,3,human
CASE-0168,2025-11-28T07:00:00,2025-12-01T11:31:02,other,72,no,yes,4,self_service
CASE-0169,2025-11-21T19:00:00,2025-11-27T02:11:33,policy,72,no,yes,5,human
CASE-0170,2026-01-15T04:00:00,2026-01-16T03:45:13,other,72,no,no,4,self_service
CASE-0171,2025-11-12T05:00:00,2025-11-13T14:31:49,other,72,no,yes,3,human
CASE-0172,2025-12-02T00:00:00,2025-12-02T06:31:40,access,8,no,no,5,self_service
CASE-0173,2026-01-02T17:00:00,,leave,48,no,no,,self_service
CASE-0174,2025-11-12T23:00:00,2025-11-13T04:52:10,other,72,no,yes,5,self_service
CASE-0175,2025-12-22T10:00:00,2025-12-22T13:51:41,payroll,24,yes,no,4,human
CASE-0176,2026-01-13T18:00:00,2026-01-15T14:50:40,other,72,no,yes,5,human
CASE-0177,2026-01-21T18:00:00,2026-01-21T19:12:09,payroll,24,no,no,5,human
CASE-0178,2025-12-07T12:00:00,2025-12-07T14:46:54,payroll,24,no,no,4,human
CASE-0179,2025-12-16T10:00:00,2025-12-16T19:12:14,access,8,no,yes,3,self_service
CASE-0180,2026-01-27T11:00:00,2026-01-28T03:15:09,other,72,no,yes,3,human
CASE-0181,2025-12-10T07:00:00,2025-12-12T02:34:51,other,72,no,yes,4,human
CASE-0182,2025-12-14T06:00:00,2025-12-18T00:24:39,leave,48,no,yes,5,human
CASE-0183,2025-12-17T14:00:00,2025-12-18T17:37:00,benefits,48,no,yes,2,human
CASE-0184,2025-11-05T12:00:00,2025-11-09T03:45:32,other,72,no,yes,4,human
CASE-0185,2025-12-27T04:00:00,2025-12-28T10:19:19,leave,48,no,yes,4,human
CASE-0186,2025-12-27T00:00:00,2026-01-01T04:39:54,other,72,no,yes,4,human
CASE-0187,2025-12-11T23:00:00,2025-12-12T01:44:25,access,8,no,no,5,human
CASE-0188,2025-11-21T14:00:00,2025-11-21T21:55:43,payroll,24,yes,yes,5,human
CASE-0189,2025-11-16T23:00:00,,access,8,no,no,,human
CASE-0190,2026-01-25T04:00:00,2026-01-26T20:28:21,leave,48,no,no,2,human
CASE-0191,2025-12-27T18:00:00,2025-12-28T08:00:37,payroll,24,no,no,4,human
CASE-0192,2025-12-27T11:00:00,2025-12-30T03:31:16,benefits,48,no,yes,4,human
CASE-0193,2026-01-16T18:00:00,2026-01-20T00:01:18,policy,72,no,yes,5,human
CASE-0194,2026-01-23T02:00:00,2026-01-24T14:19:07,benefits,48,no,yes,1,self_service
CASE-0195,2025-11-28T17:00:00,2025-11-29T01:06:15,policy,72,no,yes,4,human
CASE-0196,2025-11-05T21:00:00,2025-11-08T15:19:46,other,72,no,no,4,self_service
CASE-0197,2026-01-16T10:00:00,2026-01-17T18:31:55,policy,72,no,yes,5,human
CASE-0198,2025-11-03T02:00:00,2025-11-06T01:33:29,policy,72,no,yes,3,human
CASE-0199,2025-12-04T22:00:00,2025-12-06T21:49:49,policy,72,no,yes,3,human
CASE-0200,2025-12-24T18:00:00,2025-12-25T11:05:39,policy,72,no,yes,5,human
CASE-0201,2025-12-21T21:00:00,2025-12-27T16:13:25,policy,72,no,no,3,human
CASE-0202,2025-11-07T01:00:00,,payroll,24,no,no,,human
CASE-0203,2026-01-16T05:00:00,2026-01-19T16:35:40,benefits,48,no,yes,2,self_service
CASE-0204,2025-12-09T07:00:00,2025-12-09T14:58:37,benefits,48,no,no,4,human
CASE-0205,2025-12-07T04:00:00,2025-12-07T18:46:53,access,8,no,no,4,human
CASE-0206,2025-11-11T04:00:00,2025-11-13T19:16:44,leave,48,no,no,4,human
CASE-0207,2025-12-27T22:00:00,2025-12-28T04:26:15,policy,72,no,yes,1,self_service
CASE-0208,2026-01-12T13:00:00,2026-01-16T12:10:15,policy,72,no,yes,5,human
CASE-0209,2025-11-26T05:00:00,2025-11-29T13:24:06,leave,48,no,no,5,human
CASE-0210,2026-01-08T18:00:00,2026-01-09T00:14:18,payroll,24,no,no,1,human
CASE-0211,2025-12-09T19:00:00,2025-12-11T13:26:38,leave,48,no,yes,5,human
CASE-0212,2025-11-05T05:00:00,2025-11-05T12:36:57,leave,48,no,no,4,self_service
CASE-0213,2025-12-19T18:00:00,2025-12-20T04:16:07,policy,72,no,yes,2,human
CASE-0214,2026-01-22T07:00:00,2026-01-23T12:26:38,payroll,24,no,yes,4,human
CASE-0215,2025-11-23T18:00:00,,access,8,no,no,,human
CASE-0216,2026-01-20T19:00:00,2026-01-21T09:43:10,access,8,no,yes,5,self_service
CASE-0217,2026-01-14T09:00:00,,other,72,no,no,,human
CASE-0218,2025-12-30T02:00:00,2025-12-31T19:07:16,other,72,no,yes,5,self_service
CASE-0219,2025-11-20T07:00:00,2025-11-21T01:43:03,access,8,no,yes,4,human
CASE-0220,2025-12-19T09:00:00,2025-12-19T15:30:52,benefits,48,no,no,4,human
CASE-0221,2025-12-19T06:00:00,,policy,72,no,no,,human
CASE-0222,2025-11-16T06:00:00,2025-11-16T14:52:09,policy,72,yes,yes,5,human
CASE-0223,2025-12-30T17:00:00,2025-12-31T20:22:23,payroll,24,no,no,4,self_service
CASE-0224,2025-11-14T16:00:00,2025-11-15T15:46:25,leave,48,no,no,5,self_service
CASE-0225,2025-12-29T09:00:00,2025-12-30T00:56:00,access,8,no,no,4,self_service
CASE-0226,2026-01-18T03:00:00,2026-01-20T00:45:05,benefits,48,no,no,5,self_service
CASE-0227,2025-12-06T17:00:00,2025-12-09T06:14:08,benefits,48,yes,yes,4,self_service
CASE-0228,2025-12-28T11:00:00,2025-12-28T22:07:35,access,8,no,yes,5,self_service
CASE-0229,2025-12-03T06:00:00,2025-12-03T11:50:55,access,8,no,yes,4,human
CASE-0230,2026-01-16T01:00:00,2026-01-17T13:05:53,payroll,24,no,yes,3,human
CASE-0231,2025-11-27T21:00:00,2025-11-29T17:02:35,benefits,48,no,yes,4,human
CASE-0232,2025-11-15T05:00:00,2025-11-16T23:53:24,benefits,48,no,yes,3,human
CASE-0233,2025-11-09T23:00:00,2025-11-13T17:16:41,benefits,48,yes,yes,4,human
CASE-0234,2025-12-29T22:00:00,,other,72,no,no,,human
CASE-0235,2026-01-30T15:00:00,,leave,48,no,no,,human
CASE-0236,2025-12-22T11:00:00,2025-12-23T13:36:58,payroll,24,no,no,4,self_service
CASE-0237,2025-12-16T01:00:00,2025-12-16T10:52:46,other,72,no,yes,4,human
CASE-0238,2025-11-30T05:00:00,2025-11-30T13:05:27,access,8,no,no,5,self_service
CASE-0239,2025-11-10T11:00:00,2025-11-10T14:41:02,payroll,24,no,yes,4,human
CASE-0240,2025-11-09T23:00:00,2025-11-11T15:45:40,benefits,48,no,yes,3,human
CASE-0241,2025-12-26T02:00:00,2025-12-26T04:53:53,access,8,no,no,4,self_service
CASE-0242,2025-11-05T03:00:00,,payroll,24,no,no,,self_service
CASE-0243,2026-01-05T06:00:00,,payroll,24,no,no,,self_service
CASE-0244,2025-12-23T15:00:00,2025-12-25T06:15:16,benefits,48,no,no,2,human
CASE-0245,2025-11-11T23:00:00,2025-11-14T10:29:04,other,72,no,yes,5,human
CASE-0246,2025-11-24T21:00:00,,other,72,no,no,,self_service
CASE-0247,2025-11-27T17:00:00,2025-11-30T11:51:08,benefits,48,no,no,3,self_service
CASE-0248,2025-12-15T22:00:00,2025-12-17T02:09:21,policy,72,no,yes,5,human
CASE-0249,2025-11-11T01:00:00,2025-11-12T15:26:54,other,72,no,no,5,human
CASE-0250,2025-12-19T00:00:00,2025-12-19T07:46:32,payroll,24,no,yes,3,human
CASE-0251,2025-11-05T12:00:00,2025-11-07T09:38:07,payroll,24,no,yes,4,human
CASE-0252,2025-12-30T07:00:00,2026-01-01T04:48:53,policy,72,no,yes,4,human
CASE-0253,2026-01-01T10:00:00,,other,72,no,no,,human
CASE-0254,2026-01-27T15:00:00,2026-01-31T04:07:13,leave,48,no,yes,5,self_service
CASE-0255,2025-12-31T13:00:00,2026-01-01T17:33:46,leave,48,no,yes,4,human
CASE-0256,2025-11-14T20:00:00,2025-11-16T07:45:53,policy,72,no,no,4,human
CASE-0257,2026-01-03T04:00:00,2026-01-06T21:44:13,leave,48,no,no,2,self_service
CASE-0258,2025-12-22T18:00:00,2025-12-23T02:16:58,leave,48,no,yes,4,self_service
CASE-0259,2025-12-24T03:00:00,2025-12-26T02:43:54,policy,72,no,no,4,self_service
CASE-0260,2026-01-19T09:00:00,2026-01-19T23:02:14,access,8,no,yes,2,human
CASE-0261,2025-12-23T00:00:00,2025-12-23T11:40:57,benefits,48,no,yes,1,human
CASE-0262,2026-01-17T03:00:00,2026-01-17T19:38:23,payroll,24,no,yes,5,self_service
CASE-0263,2026-01-23T09:00:00,2026-01-25T05:11:21,benefits,48,no,yes,4,human
CASE-0264,2026-01-15T14:00:00,2026-01-15T22:07:37,payroll,24,no,yes,5,self_service
CASE-0265,2025-12-31T19:00:00,2026-01-01T04:53:53,leave,48,no,yes,5,human
CASE-0266,2026-01-24T14:00:00,2026-01-25T14:59:19,benefits,48,no,yes,4,human
CASE-0267,2026-01-30T08:00:00,2026-01-30T12:33:11,access,8,no,no,5,self_service
CASE-0268,2026-01-14T14:00:00,2026-01-16T05:48:31,payroll,24,no,yes,5,human
CASE-0269,2025-12-08T09:00:00,2025-12-09T00:49:04,payroll,24,no,no,4,self_service
CASE-0270,2025-11-24T12:00:00,2025-11-26T08:48:15,benefits,48,no,yes,3,human
CASE-0271,2025-11-12T20:00:00,2025-11-13T19:13:05,benefits,48,yes,no,5,human
CASE-0272,2026-01-25T16:00:00,2026-01-25T17:39:33,benefits,48,yes,yes,2,self_service
CASE-0273,2025-11-05T07:00:00,2025-11-07T16:31:10,other,72,no,yes,3,human
CASE-0274,2026-01-12T20:00:00,2026-01-13T10:12:57,other,72,no,yes,2,human
CASE-0275,2025-12-17T17:00:00,2025-12-21T09:13:25,other,72,no,yes,4,human
CASE-0276,2026-01-04T18:00:00,2026-01-06T21:24:53,other,72,no,no,4,human
CASE-0277,2025-11-18T02:00:00,2025-11-19T02:09:53,leave,48,yes,no,3,human
CASE-0278,2025-12-27T22:00:00,2025-12-28T18:58:52,leave,48,no,yes,4,self_service
CASE-0279,2025-11-25T04:00:00,2025-11-26T01:02:52,other,72,no,no,3,human
CASE-0280,2026-01-19T17:00:00,2026-01-19T23:53:55,access,8,no,no,4,human
CASE-0281,2026-01-19T05:00:00,2026-01-20T11:53:53,other,72,no,yes,4,self_service
CASE-0282,2026-01-17T05:00:00,2026-01-17T23:30:55,benefits,48,no,yes,3,human
CASE-0283,2025-12-02T07:00:00,2025-12-02T10:31:12,access,8,no,yes,4,human
CASE-0284,2026-01-03T07:00:00,2026-01-04T01:43:16,benefits,48,no,yes,4,self_service
CASE-0285,2026-01-30T19:00:00,,policy,72,no,no,,human
CASE-0286,2026-01-19T23:00:00,2026-01-20T15:42:14,policy,72,no,yes,4,human
CASE-0287,2026-01-29T07:00:00,,leave,48,no,no,,human
CASE-0288,2025-12-10T19:00:00,2025-12-12T10:13:00,benefits,48,no,yes,5,self_service
CASE-0289,2026-01-26T19:00:00,2026-01-27T14:11:27,benefits,48,no,no,4,human
CASE-0290,2025-12-09T12:00:00,,policy,72,no,no,,human
CASE-0291,2026-01-12T17:00:00,,other,72,no,no,,human
CASE-0292,2025-12-08T10:00:00,2025-12-08T20:37:52,access,8,no,yes,5,self_service
CASE-0293,2026-01-10T01:00:00,2026-01-12T17:42:10,policy,72,no,no,5,human
CASE-0294,2025-12-01T20:00:00,2025-12-05T12:10:03,leave,48,no,no,2,human
CASE-0295,2026-01-24T23:00:00,2026-01-27T02:17:00,other,72,yes,yes,4,human
CASE-0296,2025-12-03T09:00:00,2025-12-04T06:33:01,policy,72,no,yes,4,human
CASE-0297,2026-01-10T14:00:00,2026-01-11T19:49:05,leave,48,yes,yes,5,self_service
CASE-0298,2025-12-14T12:00:00,2025-12-15T00:52:56,leave,48,no,no,4,human
CASE-0299,2026-01-03T03:00:00,2026-01-03T05:15:02,access,8,no,no,4,human
CASE-0300,2026-01-16T13:00:00,2026-01-17T23:52:12,payroll,24,no,yes,5,human
CASE-0301,2026-01-21T20:00:00,2026-01-21T23:04:10,access,8,no,yes,2,self_service
CASE-0302,2026-01-23T13:00:00,,benefits,48,no,no,,self_service
CASE-0303,2025-11-09T04:00:00,,access,8,no,no,,self_service
CASE-0304,2025-12-10T10:00:00,2025-12-11T17:46:33,policy,72,no,no,4,human
CASE-0305,2026-01-13T08:00:00,2026-01-13T10:29:04,access,8,yes,no,5,human
CASE-0306,2026-01-14T09:00:00,2026-01-14T20:48:06,leave,48,no,yes,4,self_service
CASE-0307,2026-01-15T18:00:00,2026-01-16T05:08:56,payroll,24,no,no,4,human
CASE-0308,2025-12-24T08:00:00,2025-12-25T14:58:36,benefits,48,yes,no,5,human
CASE-0309,2025-12-06T09:00:00,,payroll,24,no,no,,human
CASE-0310,2026-01-24T02:00:00,2026-01-24T03:52:08,other,72,no,yes,3,human
CASE-0311,2025-11-30T06:00:00,2025-12-03T01:47:49,leave,48,no,no,4,human
CASE-0312,2025-12-24T07:00:00,,benefits,48,no,no,,self_service
CASE-0313,2026-01-08T20:00:00,2026-01-08T23:50:45,access,8,no,no,2,human
CASE-0314,2026-01-18T13:00:00,2026-01-18T17:39:32,access,8,no,no,5,self_service
CASE-0315,2025-12-16T22:00:00,2025-12-20T12:36:23,other,72,no,yes,5,human
CASE-0316,2026-01-31T12:00:00,,payroll,24,no,no,,human
CASE-0317,2025-12-13T06:00:00,2025-12-16T00:01:17,other,72,no,yes,4,human
CASE-0318,2025-12-07T23:00:00,2025-12-08T12:56:59,other,72,no,yes,3,human
CASE-0319,2026-01-14T12:00:00,2026-01-16T10:32:55,benefits,48,no,no,5,human
CASE-0320,2025-12-06T01:00:00,2025-12-09T15:20:52,policy,72,no,yes,5,human
CASE-0321,2025-12-15T23:00:00,2025-12-16T08:49:02,access,8,yes,yes,5,human
CASE-0322,2026-01-11T10:00:00,2026-01-16T03:17:35,policy,72,no,yes,4,self_service
CASE-0323,2025-12-25T07:00:00,2025-12-25T10:35:52,access,8,no,yes,2,human
CASE-0324,2025-12-01T08:00:00,2025-12-02T12:59:23,benefits,48,no,yes,4,human
CASE-0325,2025-12-26T18:00:00,2025-12-26T19:59:05,access,8,yes,yes,3,self_service
CASE-0326,2025-11-05T04:00:00,2025-11-05T14:28:23,leave,48,no,no,5,self_service
CASE-0327,2025-12-31T18:00:00,2025-12-31T20:59:29,access,8,no,no,4,human
CASE-0328,2025-12-03T03:00:00,2025-12-03T23:52:31,benefits,48,no,yes,4,self_service
CASE-0329,2025-12-23T14:00:00,2025-12-25T13:36:51,benefits,48,no,no,5,self_service
CASE-0330,2025-11-30T13:00:00,2025-11-30T16:41:59,leave,48,no,yes,4,self_service
CASE-0331,2025-11-07T15:00:00,2025-11-07T21:07:06,access,8,no,yes,3,human
CASE-0332,2025-11-02T09:00:00,2025-11-03T02:16:34,access,8,no,no,4,human
CASE-0333,2026-01-27T09:00:00,2026-01-29T12:57:54,policy,72,yes,yes,2,human
CASE-0334,2026-01-01T23:00:00,2026-01-04T13:48:39,benefits,48,no,yes,5,human
CASE-0335,2025-12-25T03:00:00,2025-12-26T03:25:06,leave,48,no,yes,4,self_service
CASE-0336,2026-01-21T04:00:00,2026-01-23T11:14:17,benefits,48,yes,yes,5,human
CASE-0337,2025-12-26T02:00:00,2025-12-27T07:49:13,benefits,48,yes,yes,5,human
CASE-0338,2026-01-26T05:00:00,2026-01-28T13:15:02,benefits,48,no,yes,5,human
CASE-0339,2026-01-01T05:00:00,2026-01-04T08:21:11,leave,48,no,yes,5,self_service
CASE-0340,2025-11-15T10:00:00,2025-11-16T01:14:44,access,8,no,yes,4,human
CASE-0341,2025-12-30T08:00:00,2025-12-30T23:40:28,benefits,48,no,no,4,human
CASE-0342,2025-12-12T00:00:00,2025-12-12T06:14:04,other,72,no,no,4,human
CASE-0343,2025-12-16T14:00:00,2025-12-17T11:33:02,benefits,48,no,no,4,human
CASE-0344,2026-01-07T14:00:00,2026-01-08T05:10:55,leave,48,no,yes,5,human
CASE-0345,2025-12-18T13:00:00,2025-12-18T19:00:02,payroll,24,no,yes,4,self_service
CASE-0346,2026-01-15T18:00:00,2026-01-16T05:48:07,access,8,no,yes,3,self_service
CASE-0347,2025-11-14T22:00:00,2025-11-16T20:34:02,benefits,48,no,no,5,self_service
CASE-0348,2025-12-12T21:00:00,,benefits,48,no,no,,human
CASE-0349,2025-12-09T03:00:00,2025-12-15T04:07:47,other,72,no,yes,5,self_service
CASE-0350,2025-12-09T17:00:00,2025-12-10T00:16:36,access,8,no,yes,5,human
CASE-0351,2025-11-29T05:00:00,2025-12-01T11:58:54,leave,48,no,yes,3,self_service
CASE-0352,2025-12-11T22:00:00,2025-12-13T01:31:13,payroll,24,no,yes,5,human
CASE-0353,2025-12-08T19:00:00,,benefits,48,no,no,,self_service
CASE-0354,2026-01-05T09:00:00,2026-01-05T20:46:05,policy,72,no,yes,5,self_service
CASE-0355,2026-01-14T15:00:00,2026-01-15T15:23:03,other,72,no,no,5,human
CASE-0356,2025-12-01T08:00:00,2025-12-02T09:49:58,policy,72,no,yes,4,self_service
CASE-0357,2025-11-24T18:00:00,2025-11-24T19:26:24,leave,48,no,yes,3,human
CASE-0358,2025-11-29T10:00:00,2025-11-30T01:03:01,policy,72,no,yes,3,human
CASE-0359,2025-11-21T10:00:00,2025-11-21T18:21:46,access,8,no,yes,4,human
CASE-0360,2025-11-18T01:00:00,,other,72,no,no,,human
CASE-0361,2026-01-20T08:00:00,,payroll,24,no,no,,human
CASE-0362,2025-12-06T05:00:00,2025-12-08T13:39:51,benefits,48,no,yes,3,self_service
CASE-0363,2026-01-07T02:00:00,2026-01-08T15:21:47,payroll,24,no,yes,4,human
CASE-0364,2026-01-28T16:00:00,2026-01-31T05:05:05,benefits,48,no,yes,4,self_service
CASE-0365,2025-11-15T18:00:00,2025-11-15T19:22:26,payroll,24,no,no,4,self_service
CASE-0366,2026-01-19T01:00:00,2026-01-22T16:11:25,benefits,48,no,yes,5,human
CASE-0367,2025-11-08T19:00:00,2025-11-09T04:21:45,access,8,yes,yes,5,human
CASE-0368,2025-11-13T17:00:00,2025-11-17T18:05:53,policy,72,no,yes,5,self_service
CASE-0369,2025-11-25T02:00:00,2025-11-25T05:48:46,leave,48,no,yes,2,human
CASE-0370,2026-01-20T05:00:00,2026-01-23T06:32:03,leave,48,no,no,2,human
CASE-0371,2026-01-02T12:00:00,2026-01-03T10:37:14,benefits,48,no,no,4,human
CASE-0372,2026-01-25T19:00:00,2026-01-27T04:50:15,payroll,24,no,no,5,human
CASE-0373,2026-01-27T23:00:00,2026-01-28T11:08:20,payroll,24,no,no,5,self_service
CASE-0374,2025-12-08T09:00:00,,payroll,24,no,no,,self_service
CASE-0375,2026-01-24T08:00:00,2026-01-25T00:16:31,leave,48,no,no,4,human
CASE-0376,2025-12-27T16:00:00,2025-12-28T15:54:22,leave,48,no,yes,3,human
CASE-0377,2026-01-02T10:00:00,,access,8,no,no,,self_service
CASE-0378,2025-11-11T13:00:00,2025-11-14T11:09:13,other,72,no,yes,4,self_service
CASE-0379,2025-11-05T22:00:00,,access,8,no,no,,human
CASE-0380,2026-01-08T14:00:00,2026-01-11T05:43:21,policy,72,no,no,5,human
CASE-0381,2025-12-17T17:00:00,2025-12-19T03:01:01,payroll,24,no,yes,3,self_service
CASE-0382,2025-12-06T02:00:00,2025-12-06T14:32:51,access,8,no,no,5,human
CASE-0383,2025-12-14T19:00:00,2025-12-15T07:33:05,access,8,no,yes,3,human
CASE-0384,2025-11-18T18:00:00,2025-11-19T20:40:14,payroll,24,no,no,4,self_service
CASE-0385,2025-12-27T17:00:00,2025-12-28T11:41:39,policy,72,no,yes,4,self_service
CASE-0386,2025-12-29T05:00:00,2025-12-31T00:12:02,leave,48,yes,no,5,human
CASE-0387,2025-11-17T15:00:00,2025-11-19T06:03:40,policy,72,no,yes,3,human
CASE-0388,2025-11-03T03:00:00,2025-11-03T19:59:00,leave,48,no,yes,5,self_service
CASE-0389,2026-01-06T10:00:00,2026-01-07T12:00:05,policy,72,no,no,4,self_service
CASE-0390,2025-12-30T18:00:00,2026-01-02T18:48:38,policy,72,no,no,5,self_service
CASE-0391,2025-12-24T02:00:00,2025-12-27T22:55:19,other,72,no,no,5,self_service
CASE-0392,2025-12-04T18:00:00,2025-12-06T08:59:47,leave,48,no,yes,5,self_service
CASE-0393,2026-01-23T10:00:00,,payroll,24,no,no,,self_service
CASE-0394,2025-12-02T05:00:00,2025-12-02T08:53:01,benefits,48,no,no,1,human
CASE-0395,2026-01-31T09:00:00,,leave,48,no,no,,self_service
CASE-0396,2026-01-16T21:00:00,2026-01-18T03:50:43,other,72,no,yes,2,self_service
CASE-0397,2026-01-04T16:00:00,2026-01-05T11:46:11,leave,48,no,yes,5,self_service
CASE-0398,2026-01-10T22:00:00,2026-01-11T23:33:21,leave,48,no,no,5,human
CASE-0399,2025-11-02T01:00:00,2025-11-06T21:08:54,policy,72,no,yes,5,self_service
CASE-0400,2026-01-10T06:00:00,2026-01-15T22:07:19,policy,72,no,no,5,human
CASE-0401,2026-01-14T15:00:00,2026-01-16T03:14:43,leave,48,no,no,4,human
CASE-0402,2025-12-31T07:00:00,2026-01-05T03:37:37,policy,72,no,no,4,self_service
CASE-0403,2025-11-23T00:00:00,,benefits,48,no,no,,self_service
CASE-0404,2025-11-07T07:00:00,2025-11-08T12:29:58,payroll,24,no,yes,4,self_service
CASE-0405,2026-01-14T02:00:00,2026-01-14T06:40:23,access,8,no,yes,2,human
CASE-0406,2026-01-10T07:00:00,2026-01-10T10:00:14,access,8,no,yes,5,self_service
CASE-0407,2025-11-14T09:00:00,2025-11-14T17:23:27,access,8,no,no,5,self_service
CASE-0408,2025-11-16T14:00:00,2025-11-20T07:11:43,policy,72,no,yes,4,self_service
CASE-0409,2026-01-24T02:00:00,2026-01-24T11:59:11,payroll,24,no,yes,3,human
CASE-0410,2025-11-23T07:00:00,2025-11-23T12:11:56,policy,72,no,yes,5,human
CASE-0411,2025-12-20T09:00:00,2025-12-20T15:16:43,access,8,no,yes,5,human
CASE-0412,2025-11-26T21:00:00,2025-11-27T22:11:10,payroll,24,yes,no,4,human
CASE-0413,2025-11-25T11:00:00,2025-11-26T14:39:40,leave,48,no,no,1,human
CASE-0414,2025-11-11T14:00:00,2025-11-12T16:04:44,benefits,48,no,yes,4,self_service
CASE-0415,2025-12-14T20:00:00,,policy,72,no,no,,self_service
CASE-0416,2026-01-09T09:00:00,2026-01-09T14:14:56,payroll,24,no,no,5,human
CASE-0417,2026-01-20T21:00:00,2026-01-21T05:36:13,access,8,no,yes,3,human
CASE-0418,2025-12-09T11:00:00,,benefits,48,no,no,,human
CASE-0419,2025-11-16T05:00:00,2025-11-18T06:53:08,leave,48,yes,yes,4,human
CASE-0420,2025-12-07T21:00:00,2025-12-08T05:36:04,other,72,no,yes,5,human
CASE-0421,2026-01-16T14:00:00,2026-01-20T15:54:07,policy,72,no,no,4,human
CASE-0422,2025-12-03T20:00:00,2025-12-04T01:26:34,other,72,no,no,5,self_service
CASE-0423,2025-11-11T02:00:00,2025-11-14T13:52:30,other,72,no,yes,3,human
CASE-0424,2026-01-12T12:00:00,2026-01-12T21:23:23,leave,48,no,yes,4,human
CASE-0425,2025-12-26T14:00:00,2025-12-26T20:45:38,policy,72,no,yes,4,human
CASE-0426,2026-01-16T12:00:00,2026-01-17T06:19:08,payroll,24,no,yes,4,self_service
CASE-0427,2025-11-11T04:00:00,2025-11-12T05:17:41,leave,48,no,yes,4,self_service
CASE-0428,2025-12-29T22:00:00,,access,8,no,no,,human
CASE-0429,2025-12-23T04:00:00,2025-12-24T23:37:10,policy,72,no,no,5,human
CASE-0430,2025-11-08T13:00:00,,payroll,24,no,no,,self_service
CASE-0431,2025-12-23T00:00:00,2025-12-23T15:02:52,access,8,no,no,3,human
CASE-0432,2026-01-18T21:00:00,2026-01-25T14:40:25,policy,72,no,no,5,self_service
CASE-0433,2025-11-21T17:00:00,2025-11-27T06:55:27,policy,72,yes,yes,5,human
CASE-0434,2026-01-18T12:00:00,2026-01-19T08:03:09,payroll,24,no,no,4,human
CASE-0435,2025-12-26T06:00:00,2025-12-27T09:37:28,benefits,48,no,yes,4,human
CASE-0436,2026-01-11T15:00:00,,benefits,48,no,no,,self_service
CASE-0437,2025-12-05T22:00:00,,benefits,48,no,no,,human
CASE-0438,2025-12-25T23:00:00,2025-12-29T07:47:43,benefits,48,no,no,3,self_service
CASE-0439,2025-12-18T21:00:00,2025-12-21T09:10:20,policy,72,no,yes,3,self_service
CASE-0440,2025-11-09T17:00:00,2025-11-10T04:51:31,access,8,no,yes,2,self_service
CASE-0441,2025-11-02T00:00:00,,payroll,24,no,no,,human
CASE-0442,2026-01-09T16:00:00,2026-01-10T11:56:27,policy,72,no,no,4,human
CASE-0443,2025-12-04T22:00:00,2025-12-05T11:34:09,benefits,48,no,yes,4,human
CASE-0444,2025-11-22T21:00:00,2025-11-25T07:56:44,benefits,48,no,yes,5,human
CASE-0445,2025-11-27T14:00:00,2025-11-27T21:14:20,access,8,no,no,5,human
CASE-0446,2026-01-09T03:00:00,2026-01-10T07:22:06,benefits,48,no,no,5,human
CASE-0447,2026-01-19T05:00:00,2026-01-19T08:04:05,other,72,no,no,4,self_service
CASE-0448,2026-01-27T04:00:00,2026-01-30T03:56:13,other,72,no,no,4,self_service
CASE-0449,2025-12-31T08:00:00,2025-12-31T12:50:19,benefits,48,no,yes,4,human
CASE-0450,2025-11-27T17:00:00,2025-11-28T01:32:15,benefits,48,no,no,4,human
CASE-0451,2026-01-08T19:00:00,2026-01-09T04:08:23,payroll,24,no,yes,4,human
CASE-0452,2026-01-06T13:00:00,2026-01-06T15:45:10,access,8,no,yes,5,self_service
CASE-0453,2025-12-04T02:00:00,2025-12-05T07:39:59,other,72,no,yes,5,self_service
CASE-0454,2025-11-18T06:00:00,2025-11-18T17:22:25,access,8,no,yes,5,human
CASE-0455,2026-01-06T11:00:00,2026-01-07T16:11:26,benefits,48,no,yes,5,self_service
CASE-0456,2025-11-29T17:00:00,2025-11-30T20:16:37,leave,48,no,yes,5,self_service
CASE-0457,2026-01-23T15:00:00,2026-01-26T17:53:29,other,72,no,no,4,human
CASE-0458,2026-01-18T23:00:00,2026-01-19T00:30:18,access,8,no,yes,5,self_service
CASE-0459,2025-12-13T01:00:00,2025-12-13T11:18:44,leave,48,no,yes,3,human
CASE-0460,2025-12-05T17:00:00,2025-12-09T09:12:09,leave,48,no,no,5,self_service
CASE-0461,2025-12-16T09:00:00,2025-12-17T01:54:33,leave,48,no,yes,5,self_service
CASE-0462,2026-01-30T20:00:00,,policy,72,no,no,,human
CASE-0463,2025-12-09T15:00:00,2025-12-10T09:09:12,access,8,no,yes,5,human
CASE-0464,2026-01-25T01:00:00,2026-01-25T02:24:54,access,8,yes,yes,5,human
CASE-0465,2026-01-23T13:00:00,2026-01-25T22:26:06,policy,72,no,yes,2,human
CASE-0466,2025-12-07T08:00:00,,policy,72,no,no,,self_service
CASE-0467,2026-01-01T12:00:00,,access,8,no,no,,human
CASE-0468,2025-12-16T04:00:00,2025-12-17T03:27:27,leave,48,no,no,4,human
CASE-0469,2025-12-07T22:00:00,2025-12-08T17:47:32,payroll,24,no,no,5,human
CASE-0470,2025-11-21T21:00:00,2025-11-22T23:55:06,other,72,no,no,4,human
CASE-0471,2025-12-19T18:00:00,,benefits,48,no,no,,human
CASE-0472,2026-01-15T21:00:00,2026-01-16T04:21:10,access,8,no,yes,4,human
CASE-0473,2026-01-27T13:00:00,2026-01-29T07:44:27,benefits,48,no,yes,3,human
CASE-0474,2026-01-11T22:00:00,2026-01-12T00:02:19,payroll,24,no,no,1,human
CASE-0475,2026-01-05T16:00:00,,leave,48,no,no,,human
CASE-0476,2025-12-07T03:00:00,2025-12-08T14:50:46,payroll,24,no,no,3,self_service
CASE-0477,2025-11-18T02:00:00,2025-11-20T13:10:48,leave,48,no,no,3,human
CASE-0478,2025-12-14T12:00:00,2025-12-16T01:50:09,other,72,no,no,2,human
CASE-0479,2026-01-07T23:00:00,2026-01-08T03:19:39,access,8,no,yes,4,human
CASE-0480,2026-01-22T21:00:00,2026-01-23T14:30:38,other,72,no,yes,5,human
CASE-0481,2025-12-21T14:00:00,2025-12-23T07:23:49,other,72,no,yes,3,human
CASE-0482,2025-12-28T07:00:00,2025-12-29T04:24:36,payroll,24,no,no,4,human
CASE-0483,2026-01-26T08:00:00,2026-01-27T18:25:48,benefits,48,yes,no,5,self_service
CASE-0484,2025-12-30T05:00:00,2025-12-31T09:39:29,leave,48,no,yes,4,human
CASE-0485,2026-01-06T02:00:00,2026-01-06T22:36:58,leave,48,no,yes,5,human
CASE-0486,2026-01-22T16:00:00,2026-01-23T11:13:34,other,72,no,yes,2,self_service
CASE-0487,2025-12-06T03:00:00,2025-12-09T22:45:47,other,72,no,yes,5,self_service
CASE-0488,2025-12-20T14:00:00,2025-12-22T19:40:57,leave,48,no,yes,4,human
CASE-0489,2025-11-02T05:00:00,2025-11-02T10:15:14,access,8,no,yes,5,self_service
CASE-0490,2025-12-21T21:00:00,2025-12-23T15:54:36,other,72,no,no,2,human
CASE-0491,2025-12-28T00:00:00,,policy,72,no,no,,self_service
CASE-0492,2026-01-02T22:00:00,2026-01-03T02:58:58,access,8,no,no,4,human
CASE-0493,2025-11-09T00:00:00,,leave,48,no,no,,human
CASE-0494,2026-01-09T18:00:00,,payroll,24,no,no,,self_service
CASE-0495,2025-11-16T10:00:00,2025-11-17T20:20:24,benefits,48,no,yes,5,self_service
CASE-0496,2025-11-30T13:00:00,2025-11-30T15:46:03,access,8,no,yes,5,human
CASE-0497,2026-01-16T14:00:00,2026-01-17T15:31:24,leave,48,no,yes,5,self_service
CASE-0498,2025-11-02T02:00:00,2025-11-02T17:37:40,payroll,24,no,yes,5,human
CASE-0499,2025-11-17T16:00:00,2025-11-19T17:44:52,leave,48,no,no,5,self_service
CASE-0500,2025-11-19T19:00:00,2025-11-21T12:46:11,benefits,48,no,yes,3,human
CASE-0501,2025-11-05T20:00:00,2025-11-05T21:54:13,other,72,no,yes,5,self_service
CASE-0502,2026-01-08T07:00:00,2026-01-09T22:55:18,policy,72,no,yes,4,human
CASE-0503,2026-01-24T04:00:00,2026-01-25T05:02:46,leave,48,no,no,4,self_service
CASE-0504,2026-01-28T22:00:00,2026-01-29T20:21:28,leave,48,yes,yes,4,human
CASE-0505,2026-01-15T02:00:00,2026-01-15T18:47:16,policy,72,no,yes,3,self_service
CASE-0506,2025-12-15T20:00:00,2025-12-16T09:20:53,payroll,24,no,yes,5,human
CASE-0507,2025-11-22T14:00:00,2025-11-23T19:59:55,benefits,48,no,yes,5,human
CASE-0508,2025-12-30T04:00:00,2026-01-02T07:06:39,other,72,no,no,4,self_service
CASE-0509,2026-01-09T22:00:00,2026-01-12T04:49:05,benefits,48,no,yes,5,human
CASE-0510,2025-12-12T09:00:00,2025-12-16T00:10:31,policy,72,no,no,3,human
CASE-0511,2025-11-11T11:00:00,2025-11-11T18:50:05,access,8,no,yes,5,human
CASE-0512,2025-11-11T08:00:00,2025-11-12T19:08:26,payroll,24,no,no,4,human
CASE-0513,2026-01-20T17:00:00,2026-01-21T06:40:57,payroll,24,no,no,5,self_service
CASE-0514,2026-01-22T09:00:00,2026-01-24T05:06:29,other,72,no,no,4,human
CASE-0515,2026-01-19T15:00:00,2026-01-21T16:47:30,benefits,48,no,no,3,self_service
CASE-0516,2026-01-18T00:00:00,2026-01-20T19:12:05,other,72,no,yes,5,self_service
CASE-0517,2026-01-04T05:00:00,2026-01-04T16:03:06,payroll,24,no,no,5,human
CASE-0518,2026-01-02T05:00:00,2026-01-02T06:17:16,access,8,no,yes,5,human
CASE-0519,2025-11-01T19:00:00,,policy,72,no,no,,human
CASE-0520,2025-11-25T03:00:00,2025-11-28T00:29:23,leave,48,no,yes,1,human
